executable,--main::instance,--main::method,--MSS_BSA::neighbors_accepted_ratio,--MSS_BSA::max_evaluations,--MSS_BSA::cooling_rate,--MSS_BSA::start_temperature,--MSS_BSA::expected_min_temperature,--mip::timeout,--main::swap_rate,rep,cost,score,initial_score,time,initial_time,violations,lower_bound,seed,mip_status
./mss,../Instances/Generated/I240_24_1.dzn,BSA+MIP,0.08,50000000,0.99,18.64,0.87,3600,0.11,0
./mss,../Instances/Generated/I240_24_2.dzn,BSA+MIP,0.08,50000000,0.99,18.64,0.87,3600,0.11,0
./mss,../Instances/Generated/I160_24_2.dzn,BSA+MIP,0.08,50000000,0.99,18.64,0.87,3600,0.11,0
./mss,../Instances/Generated/I80_24_2.dzn,BSA+MIP,0.08,50000000,0.99,18.64,0.87,3600,0.11,0,18742,15694,15694,33626.4,43.5593,0,2428431,1357793180,Feasible
./mss,../Instances/Generated/I40_24_4.dzn,BSA+MIP,0.08,50000000,0.99,18.64,0.87,3600,0.11,0,12980,6859,6859,57097.9,61.6114,0,1470687,2212282251,Feasible
./mss,../Instances/Generated/I80_24_1.dzn,BSA+MIP,0.08,50000000,0.99,18.64,0.87,3600,0.11,0,16662,16443,16443,12396,37.194,0,17097,3308594492,Feasible
./mss,../Instances/Generated/I240_12_4.dzn,BSA+MIP,0.08,50000000,0.99,18.64,0.87,3600,0.11,0,21706,21077,21077,8577.44,74.832,0,24332,2901090047,Feasible
./mss,../Instances/Generated/I320_24_4.dzn,BSA+MIP,0.08,50000000,0.99,18.64,0.87,3600,0.11,0
./mss,../Instances/Generated/I40_24_1.dzn,BSA+MIP,0.08,50000000,0.99,18.64,0.87,3600,0.11,0,11094,7720,7720,11515.1,27.6544,0,8379,1005930896,Feasible
./mss,../Instances/Generated/I80_24_4.dzn,BSA+MIP,0.08,50000000,0.99,18.64,0.87,3600,0.11,0,21427,12213,12213,44763.3,65.3122,0,1758078,3320326030,Feasible
./mss,../Instances/Generated/I40_24_2.dzn,BSA+MIP,0.08,50000000,0.99,18.64,0.87,3600,0.11,0,12170,7175,7175,18331.3,39.5454,0,8710,4259286256,Feasible
./mss,../Instances/Generated/I320_12_4.dzn,BSA+MIP,0.08,50000000,0.99,18.64,0.87,3600,0.11,0,26695,32206,32206,7986.6,53.4178,0,36106,1910942308,Feasible
./mss,../Instances/Generated/I160_24_1.dzn,BSA+MIP,0.08,50000000,0.99,18.64,0.87,3600,0.11,0,26684,31338,31338,11967.4,29.1885,0,32825,588541448,Feasible
./mss,../Instances/Generated/I240_12_1.dzn,BSA+MIP,0.08,50000000,0.99,18.64,0.87,3600,0.11,0,18116,19929,19927,8477.27,27.5475,0,21867,1420651168,Feasible
./mss,../Instances/Generated/I80_12_2.dzn,BSA+MIP,0.08,50000000,0.99,18.64,0.87,3600,0.11,0,8595,7206,7206,46351.1,29.3499,0,7622,3217326319,Feasible
./mss,../Instances/Generated/I80_12_4.dzn,BSA+MIP,0.08,50000000,0.99,18.64,0.87,3600,0.11,0,9022,8039,8039,9392.87,44.8003,0,9348,1401332632,Feasible
./mss,../Instances/Generated/I240_12_2.dzn,BSA+MIP,0.08,50000000,0.99,18.64,0.87,3600,0.11,0,19907,23136,23136,8937.54,30.8878,0,24565,3639021334,Feasible
./mss,../Instances/Generated/I40_12_2.dzn,BSA+MIP,0.08,50000000,0.99,18.64,0.87,3600,0.11,0,5928,3892,3891,47114,35.5438,0,4245,587304927,Feasible
./mss,../Instances/Generated/I160_24_4.dzn,BSA+MIP,0.08,50000000,0.99,18.64,0.87,3600,0.11,0,32286,27897,27897,39511.7,62.7034,0,2434711,4018090210,Feasible
./mss,../Instances/Generated/I320_24_2.dzn,BSA+MIP,0.08,50000000,0.99,18.64,0.87,3600,0.11,0
./mss,../Instances/Generated/I320_12_1.dzn,BSA+MIP,0.08,50000000,0.99,18.64,0.87,3600,0.11,0,24484,31783,31783,8770.34,28.7829,0,33813,3209964564,Feasible
./mss,../Instances/Generated/I160_12_2.dzn,BSA+MIP,0.08,50000000,0.99,18.64,0.87,3600,0.11,0,14119,15067,15067,29198.7,31.5028,0,16186,3688407850,Feasible
./mss,../Instances/Generated/I160_12_4.dzn,BSA+MIP,0.08,50000000,0.99,18.64,0.87,3600,0.11,0,14893,13965,13962,64475.7,46.5653,0,16073,2506369459,Feasible
./mss,../Instances/Generated/I40_12_1.dzn,BSA+MIP,0.08,50000000,0.99,18.64,0.87,3600,0.11,0,5454,4127,4127,36656.6,23.5073,0,4235,2591136472,Feasible
./mss,../Instances/Generated/I240_24_4.dzn,BSA+MIP,0.08,50000000,0.99,18.64,0.87,3600,0.11,0
./mss,../Instances/Generated/I160_12_1.dzn,BSA+MIP,0.08,50000000,0.99,18.64,0.87,3600,0.11,0,13048,17740,17740,26774.2,26.1044,0,18370,1284110427,Feasible
./mss,../Instances/Generated/I40_12_4.dzn,BSA+MIP,0.08,50000000,0.99,18.64,0.87,3600,0.11,0,5733,2852,2852,52028.6,37.1464,0,3365,4020645721,Feasible
./mss,../Instances/Generated/I320_24_1.dzn,BSA+MIP,0.08,50000000,0.99,18.64,0.87,3600,0.11,0
./mss,../Instances/Generated/I320_12_2.dzn,BSA+MIP,0.08,50000000,0.99,18.64,0.87,3600,0.11,0
./mss,../Instances/Generated/I160_24_2.dzn,BSA+MIP,0.08,50000000,0.99,18.64,0.87,3600,0.11,1
./mss,../Instances/Generated/I240_24_1.dzn,BSA+MIP,0.08,50000000,0.99,18.64,0.87,3600,0.11,1
./mss,../Instances/Generated/I240_24_2.dzn,BSA+MIP,0.08,50000000,0.99,18.64,0.87,3600,0.11,1
./mss,../Instances/Generated/I80_12_1.dzn,BSA+MIP,0.08,50000000,0.99,18.64,0.87,3600,0.11,0,7952,8609,8609,30555.7,37.6131,0,8877,3221619956,Feasible
./mss,../Instances/Generated/I80_24_2.dzn,BSA+MIP,0.08,50000000,0.99,18.64,0.87,3600,0.11,1,18693,15743,15743,33841.2,42.7808,0,2428431,3510711599,Feasible
./mss,../Instances/Generated/I40_24_4.dzn,BSA+MIP,0.08,50000000,0.99,18.64,0.87,3600,0.11,1,12914,6925,6925,62693.1,50.1315,0,8754,2436712422,Feasible
./mss,../Instances/Generated/I80_24_1.dzn,BSA+MIP,0.08,50000000,0.99,18.64,0.87,3600,0.11,1,16657,16448,16448,15262.8,26.3144,0,17096,163863652,Feasible
./mss,../Instances/Generated/I240_12_4.dzn,BSA+MIP,0.08,50000000,0.99,18.64,0.87,3600,0.11,1,21711,21072,21072,8526.84,62.079,0,24327,1674458860,Feasible
./mss,../Instances/Generated/I320_24_4.dzn,BSA+MIP,0.08,50000000,0.99,18.64,0.87,3600,0.11,1
./mss,../Instances/Generated/I40_24_1.dzn,BSA+MIP,0.08,50000000,0.99,18.64,0.87,3600,0.11,1,11090,7724,7724,11544.4,62.5583,0,8381,1767339445,Feasible
./mss,../Instances/Generated/I80_24_4.dzn,BSA+MIP,0.08,50000000,0.99,18.64,0.87,3600,0.11,1,21555,12085,12085,45291.3,63.9913,0,1758078,1233777827,Feasible
./mss,../Instances/Generated/I40_24_2.dzn,BSA+MIP,0.08,50000000,0.99,18.64,0.87,3600,0.11,1,12168,7177,7177,19413,48.907,0,8711,4050175275,Feasible
./mss,../Instances/Generated/I320_12_4.dzn,BSA+MIP,0.08,50000000,0.99,18.64,0.87,3600,0.11,1,26711,32190,32189,8072.51,63.7888,0,36049,3206216323,Feasible
./mss,../Instances/Generated/I160_24_1.dzn,BSA+MIP,0.08,50000000,0.99,18.64,0.87,3600,0.11,1,26649,31373,31373,11867.9,29.3983,0,32825,869722951,Feasible
./mss,../Instances/Generated/I240_12_1.dzn,BSA+MIP,0.08,50000000,0.99,18.64,0.87,3600,0.11,1,18140,19905,19903,8594.33,27.124,0,21861,3632613088,Feasible
./mss,../Instances/Generated/I80_12_2.dzn,BSA+MIP,0.08,50000000,0.99,18.64,0.87,3600,0.11,1,8599,7202,7202,46224.9,29.2337,0,7635,526784948,Feasible
./mss,../Instances/Generated/I80_12_4.dzn,BSA+MIP,0.08,50000000,0.99,18.64,0.87,3600,0.11,1,9028,8033,8033,8552.35,44.203,0,9342,248925964,Feasible
./mss,../Instances/Generated/I240_12_2.dzn,BSA+MIP,0.08,50000000,0.99,18.64,0.87,3600,0.11,1,19877,23166,23166,9774.15,31.6497,0,24563,3564341683,Feasible
./mss,../Instances/Generated/I40_12_2.dzn,BSA+MIP,0.08,50000000,0.99,18.64,0.87,3600,0.11,1,5910,3910,3909,58997.6,35.2855,0,4247,3116636775,Feasible
./mss,../Instances/Generated/I320_24_2.dzn,BSA+MIP,0.08,50000000,0.99,18.64,0.87,3600,0.11,1
./mss,../Instances/Generated/I160_24_4.dzn,BSA+MIP,0.08,50000000,0.99,18.64,0.87,3600,0.11,1,32242,27941,27941,55983.8,61.7077,0,2434711,593295668,Feasible
./mss,../Instances/Generated/I320_12_1.dzn,BSA+MIP,0.08,50000000,0.99,18.64,0.87,3600,0.11,1,24461,31806,31806,8882.62,41.7192,0,33826,1575388726,Feasible
./mss,../Instances/Generated/I160_12_2.dzn,BSA+MIP,0.08,50000000,0.99,18.64,0.87,3600,0.11,1,14122,15064,15064,39950.9,86.7139,0,16240,4166802838,Feasible
./mss,../Instances/Generated/I160_12_4.dzn,BSA+MIP,0.08,50000000,0.99,18.64,0.87,3600,0.11,1,14882,13976,13976,22922.4,48.1906,0,16085,2059970648,Feasible
./mss,../Instances/Generated/I40_12_1.dzn,BSA+MIP,0.08,50000000,0.99,18.64,0.87,3600,0.11,1,5454,4127,4127,45500.5,23.7185,0,4235,2549841231,Feasible
./mss,../Instances/Generated/I240_24_4.dzn,BSA+MIP,0.08,50000000,0.99,18.64,0.87,3600,0.11,1
./mss,../Instances/Generated/I320_24_1.dzn,BSA+MIP,0.08,50000000,0.99,18.64,0.87,3600,0.11,1
./mss,../Instances/Generated/I160_12_1.dzn,BSA+MIP,0.08,50000000,0.99,18.64,0.87,3600,0.11,1,13049,17739,17739,15792,26.3076,0,18328,3641086926,Feasible
./mss,../Instances/Generated/I40_12_4.dzn,BSA+MIP,0.08,50000000,0.99,18.64,0.87,3600,0.11,1,5731,2854,2854,32908.6,36.5838,0,3373,1843880814,Feasible
./mss,../Instances/Generated/I160_24_2.dzn,BSA+MIP,0.08,50000000,0.99,18.64,0.87,3600,0.11,2
./mss,../Instances/Generated/I320_12_2.dzn,BSA+MIP,0.08,50000000,0.99,18.64,0.87,3600,0.11,1,27308,29868,29868,17911.8,36.8308,0,32126,110685405,Feasible
./mss,../Instances/Generated/I240_24_2.dzn,BSA+MIP,0.08,50000000,0.99,18.64,0.87,3600,0.11,2
./mss,../Instances/Generated/I80_12_1.dzn,BSA+MIP,0.08,50000000,0.99,18.64,0.87,3600,0.11,1,7953,8608,8608,28347.2,24.9065,0,8880,3724059815,Feasible
./mss,../Instances/Generated/I80_24_2.dzn,BSA+MIP,0.08,50000000,0.99,18.64,0.87,3600,0.11,2,18710,15726,15726,34931.2,47.1433,0,2428431,2097880596,Feasible
./mss,../Instances/Generated/I240_24_1.dzn,BSA+MIP,0.08,50000000,0.99,18.64,0.87,3600,0.11,2,36384,50050,50050,27876,30.4234,0,5488957,573994363,Feasible
./mss,../Instances/Generated/I40_24_4.dzn,BSA+MIP,0.08,50000000,0.99,18.64,0.87,3600,0.11,2,12933,6906,6906,57674.6,50.5759,0,8754,1105601400,Feasible
./mss,../Instances/Generated/I80_24_1.dzn,BSA+MIP,0.08,50000000,0.99,18.64,0.87,3600,0.11,2,16667,16438,16438,10241.4,26.423,0,17096,2131884144,Feasible
./mss,../Instances/Generated/I240_12_4.dzn,BSA+MIP,0.08,50000000,0.99,18.64,0.87,3600,0.11,2,21688,21095,21095,8985.7,49.3389,0,24332,2849439156,Feasible
./mss,../Instances/Generated/I320_24_4.dzn,BSA+MIP,0.08,50000000,0.99,18.64,0.87,3600,0.11,2
./mss,../Instances/Generated/I40_24_1.dzn,BSA+MIP,0.08,50000000,0.99,18.64,0.87,3600,0.11,2,11092,7722,7722,14110.6,27.6307,0,8378,2820275526,Feasible
./mss,../Instances/Generated/I80_24_4.dzn,BSA+MIP,0.08,50000000,0.99,18.64,0.87,3600,0.11,2,21535,12105,12105,43601.9,64.9969,0,1758078,2697866703,Feasible
./mss,../Instances/Generated/I40_24_2.dzn,BSA+MIP,0.08,50000000,0.99,18.64,0.87,3600,0.11,2,12177,7168,7168,14567.6,37.7871,0,8706,76619733,Feasible
./mss,../Instances/Generated/I320_12_4.dzn,BSA+MIP,0.08,50000000,0.99,18.64,0.87,3600,0.11,2,26699,32202,32202,7863.74,53.402,0,36157,1714173247,Feasible
./mss,../Instances/Generated/I160_24_1.dzn,BSA+MIP,0.08,50000000,0.99,18.64,0.87,3600,0.11,2,26666,31356,31356,12030.4,28.8409,0,32825,2268166099,Feasible
./mss,../Instances/Generated/I240_12_1.dzn,BSA+MIP,0.08,50000000,0.99,18.64,0.87,3600,0.11,2,18112,19933,19928,8201.95,27.3561,0,21867,3176678097,Feasible
./mss,../Instances/Generated/I80_12_2.dzn,BSA+MIP,0.08,50000000,0.99,18.64,0.87,3600,0.11,2,8595,7206,7206,44554.3,29.6878,0,7639,557004898,Feasible
./mss,../Instances/Generated/I80_12_4.dzn,BSA+MIP,0.08,50000000,0.99,18.64,0.87,3600,0.11,2,9027,8034,8034,8352.11,44.3705,0,9312,1037921200,Feasible
./mss,../Instances/Generated/I240_12_2.dzn,BSA+MIP,0.08,50000000,0.99,18.64,0.87,3600,0.11,2,19891,23152,23152,8482,30.9391,0,24563,338855410,Feasible
./mss,../Instances/Generated/I40_12_2.dzn,BSA+MIP,0.08,50000000,0.99,18.64,0.87,3600,0.11,2,5922,3898,3898,55241.1,35.0043,0,4243,3494269597,Feasible
./mss,../Instances/Generated/I160_24_4.dzn,BSA+MIP,0.08,50000000,0.99,18.64,0.87,3600,0.11,2,32150,28033,28033,40673.7,61.8217,0,2434711,3237429738,Feasible
./mss,../Instances/Generated/I320_24_2.dzn,BSA+MIP,0.08,50000000,0.99,18.64,0.87,3600,0.11,2
./mss,../Instances/Generated/I320_12_1.dzn,BSA+MIP,0.08,50000000,0.99,18.64,0.87,3600,0.11,2,24474,31793,31793,8421.07,54.6735,0,33815,671625916,Feasible
./mss,../Instances/Generated/I160_12_2.dzn,BSA+MIP,0.08,50000000,0.99,18.64,0.87,3600,0.11,2,14126,15060,15060,21152,31.8215,0,16201,2515762814,Feasible
./mss,../Instances/Generated/I160_12_4.dzn,BSA+MIP,0.08,50000000,0.99,18.64,0.87,3600,0.11,2,14899,13959,13958,11266.3,44.3617,0,16016,1557483307,Feasible
./mss,../Instances/Generated/I40_12_1.dzn,BSA+MIP,0.08,50000000,0.99,18.64,0.87,3600,0.11,2
./mss,../Instances/Generated/I160_12_1.dzn,BSA+MIP,0.08,50000000,0.99,18.64,0.87,3600,0.11,2,13048,17740,17740,16820.1,32.6801,0,18337,1734421327,Feasible
./mss,../Instances/Generated/I240_24_4.dzn,BSA+MIP,0.08,50000000,0.99,18.64,0.87,3600,0.11,2
./mss,../Instances/Generated/I40_12_4.dzn,BSA+MIP,0.08,50000000,0.99,18.64,0.87,3600,0.11,2,5729,2856,2856,39855.7,41.0436,0,3365,2604227713,Feasible
./mss,../Instances/Generated/I320_24_1.dzn,BSA+MIP,0.08,50000000,0.99,18.64,0.87,3600,0.11,2
./mss,../Instances/Generated/I320_12_2.dzn,BSA+MIP,0.08,50000000,0.99,18.64,0.87,3600,0.11,2
./mss,../Instances/Generated/I160_24_2.dzn,BSA+MIP,0.08,50000000,0.99,18.64,0.87,3600,0.11,3
./mss,../Instances/Generated/I240_24_1.dzn,BSA+MIP,0.08,50000000,0.99,18.64,0.87,3600,0.11,3
./mss,../Instances/Generated/I240_24_2.dzn,BSA+MIP,0.08,50000000,0.99,18.64,0.87,3600,0.11,3
./mss,../Instances/Generated/I80_12_1.dzn,BSA+MIP,0.08,50000000,0.99,18.64,0.87,3600,0.11,2,7950,8611,8611,41574.1,25.0748,0,8882,4164727444,Feasible
./mss,../Instances/Generated/I80_24_2.dzn,BSA+MIP,0.08,50000000,0.99,18.64,0.87,3600,0.11,3,18677,15759,15759,42591.8,46.6222,0,2428431,1159555712,Feasible
./mss,../Instances/Generated/I40_24_4.dzn,BSA+MIP,0.08,50000000,0.99,18.64,0.87,3600,0.11,3,12840,6999,6999,67981.5,50.3702,0,8754,1921430407,Feasible
./mss,../Instances/Generated/I80_24_1.dzn,BSA+MIP,0.08,50000000,0.99,18.64,0.87,3600,0.11,3,16671,16434,16434,16710.4,26.3121,0,17097,2188063883,Feasible
./mss,../Instances/Generated/I240_12_4.dzn,BSA+MIP,0.08,50000000,0.99,18.64,0.87,3600,0.11,3,21735,21048,21048,8503.69,51.3487,0,24333,505253086,Feasible
./mss,../Instances/Generated/I40_24_1.dzn,BSA+MIP,0.08,50000000,0.99,18.64,0.87,3600,0.11,3,11095,7719,7719,20034.9,59.813,0,8378,2296706094,Feasible
./mss,../Instances/Generated/I320_24_4.dzn,BSA+MIP,0.08,50000000,0.99,18.64,0.87,3600,0.11,3
./mss,../Instances/Generated/I80_24_4.dzn,BSA+MIP,0.08,50000000,0.99,18.64,0.87,3600,0.11,3,21551,12089,12089,47512.7,64.6772,0,1758078,2056827430,Feasible
./mss,../Instances/Generated/I40_24_2.dzn,BSA+MIP,0.08,50000000,0.99,18.64,0.87,3600,0.11,3,12164,7181,7179,20436.8,38.8511,0,8713,3276474114,Feasible
./mss,../Instances/Generated/I320_12_4.dzn,BSA+MIP,0.08,50000000,0.99,18.64,0.87,3600,0.11,3,26678,32223,32223,8603.39,45.6252,0,36083,1618927680,Feasible
./mss,../Instances/Generated/I160_24_1.dzn,BSA+MIP,0.08,50000000,0.99,18.64,0.87,3600,0.11,3,26662,31360,31360,11884.7,38.5683,0,32825,1473115159,Feasible
./mss,../Instances/Generated/I240_12_1.dzn,BSA+MIP,0.08,50000000,0.99,18.64,0.87,3600,0.11,3,18150,19895,19891,8530.01,27.0311,0,21868,2330627598,Feasible
./mss,../Instances/Generated/I80_12_2.dzn,BSA+MIP,0.08,50000000,0.99,18.64,0.87,3600,0.11,3,8595,7206,7206,47940.3,29.4502,0,7627,737441840,Feasible
./mss,../Instances/Generated/I80_12_4.dzn,BSA+MIP,0.08,50000000,0.99,18.64,0.87,3600,0.11,3,9035,8026,8026,8745.5,43.6103,0,9336,1402851661,Feasible
./mss,../Instances/Generated/I240_12_2.dzn,BSA+MIP,0.08,50000000,0.99,18.64,0.87,3600,0.11,3,19882,23161,23161,8661.37,31.2784,0,24563,2621672477,Feasible
./mss,../Instances/Generated/I40_12_2.dzn,BSA+MIP,0.08,50000000,0.99,18.64,0.87,3600,0.11,3,5940,3880,3877,37965.6,35.5783,0,4241,690622161,Feasible
./mss,../Instances/Generated/I320_24_2.dzn,BSA+MIP,0.08,50000000,0.99,18.64,0.87,3600,0.11,3
./mss,../Instances/Generated/I160_24_4.dzn,BSA+MIP,0.08,50000000,0.99,18.64,0.87,3600,0.11,3,32168,28015,28015,46979.8,62.4853,0,2434711,737911990,Feasible
./mss,../Instances/Generated/I320_12_1.dzn,BSA+MIP,0.08,50000000,0.99,18.64,0.87,3600,0.11,3,24459,31808,31808,8908.4,56.492,0,33817,564527229,Feasible
./mss,../Instances/Generated/I160_12_2.dzn,BSA+MIP,0.08,50000000,0.99,18.64,0.87,3600,0.11,3,14117,15069,15069,22670.5,55.5228,0,16192,87606226,Feasible
./mss,../Instances/Generated/I160_12_1.dzn,BSA+MIP,0.08,50000000,0.99,18.64,0.87,3600,0.11,3
./mss,../Instances/Generated/I40_12_1.dzn,BSA+MIP,0.08,50000000,0.99,18.64,0.87,3600,0.11,3,5454,4127,4127,49193,23.8085,0,4236,2196974575,Feasible
./mss,../Instances/Generated/I240_24_4.dzn,BSA+MIP,0.08,50000000,0.99,18.64,0.87,3600,0.11,3
./mss,../Instances/Generated/I160_12_4.dzn,BSA+MIP,0.08,50000000,0.99,18.64,0.87,3600,0.11,3,14906,13952,13952,28796.2,44.2836,0,16080,1239476791,Feasible
./mss,../Instances/Generated/I320_24_1.dzn,BSA+MIP,0.08,50000000,0.99,18.64,0.87,3600,0.11,3
./mss,../Instances/Generated/I40_12_4.dzn,BSA+MIP,0.08,50000000,0.99,18.64,0.87,3600,0.11,3
./mss,../Instances/Generated/I320_12_2.dzn,BSA+MIP,0.08,50000000,0.99,18.64,0.87,3600,0.11,3
./mss,../Instances/Generated/I160_24_2.dzn,BSA+MIP,0.08,50000000,0.99,18.64,0.87,3600,0.11,4
./mss,../Instances/Generated/I240_24_1.dzn,BSA+MIP,0.08,50000000,0.99,18.64,0.87,3600,0.11,4
./mss,../Instances/Generated/I240_24_2.dzn,BSA+MIP,0.08,50000000,0.99,18.64,0.87,3600,0.11,4
./mss,../Instances/Generated/I80_12_1.dzn,BSA+MIP,0.08,50000000,0.99,18.64,0.87,3600,0.11,3,7954,8607,8607,38239.7,24.9027,0,8876,2885529639,Feasible
./mss,../Instances/Generated/I80_24_2.dzn,BSA+MIP,0.08,50000000,0.99,18.64,0.87,3600,0.11,4,18726,15710,15710,41393.1,43.163,0,2428431,4243235746,Feasible
./mss,../Instances/Generated/I40_24_4.dzn,BSA+MIP,0.08,50000000,0.99,18.64,0.87,3600,0.11,4,12923,6916,6916,65983.5,51.0949,0,8754,793403672,Feasible
./mss,../Instances/Generated/I80_24_1.dzn,BSA+MIP,0.08,50000000,0.99,18.64,0.87,3600,0.11,4,16669,16436,16436,14521.5,26.7137,0,17097,2703893829,Feasible
./mss,../Instances/Generated/I240_12_4.dzn,BSA+MIP,0.08,50000000,0.99,18.64,0.87,3600,0.11,4,21671,21112,21112,8620.32,64.8497,0,24330,2329611020,Feasible
./mss,../Instances/Generated/I40_24_1.dzn,BSA+MIP,0.08,50000000,0.99,18.64,0.87,3600,0.11,4,11087,7727,7726,20106.4,31.5225,0,8379,485144828,Feasible
./mss,../Instances/Generated/I320_24_4.dzn,BSA+MIP,0.08,50000000,0.99,18.64,0.87,3600,0.11,4
./mss,../Instances/Generated/I80_24_4.dzn,BSA+MIP,0.08,50000000,0.99,18.64,0.87,3600,0.11,4,21381,12259,12259,45328.4,64.9604,0,1758078,1527778700,Feasible
./mss,../Instances/Generated/I40_24_2.dzn,BSA+MIP,0.08,50000000,0.99,18.64,0.87,3600,0.11,4,12185,7160,7160,17964.5,37.9822,0,8712,3794429734,Feasible
./mss,../Instances/Generated/I320_12_4.dzn,BSA+MIP,0.08,50000000,0.99,18.64,0.87,3600,0.11,4,26688,32213,32213,8539.81,42.8909,0,36061,2690532766,Feasible
./mss,../Instances/Generated/I160_24_1.dzn,BSA+MIP,0.08,50000000,0.99,18.64,0.87,3600,0.11,4,26682,31340,31340,11893.6,29.4967,0,32825,3144143025,Feasible
./mss,../Instances/Generated/I240_12_1.dzn,BSA+MIP,0.08,50000000,0.99,18.64,0.87,3600,0.11,4,18118,19927,19927,8262.08,27.4562,0,21855,4092379791,Feasible
./mss,../Instances/Generated/I80_12_2.dzn,BSA+MIP,0.08,50000000,0.99,18.64,0.87,3600,0.11,4,8595,7206,7206,37744.8,29.8379,0,7632,3373772274,Feasible
./mss,../Instances/Generated/I80_12_4.dzn,BSA+MIP,0.08,50000000,0.99,18.64,0.87,3600,0.11,4,9037,8024,8024,8749.14,44.3999,0,9343,778396897,Feasible
./mss,../Instances/Generated/I240_12_2.dzn,BSA+MIP,0.08,50000000,0.99,18.64,0.87,3600,0.11,4,19893,23150,23150,7986.51,31.2222,0,24567,2734229343,Feasible
./mss,../Instances/Generated/I40_12_2.dzn,BSA+MIP,0.08,50000000,0.99,18.64,0.87,3600,0.11,4,5926,3894,3893,52151.4,36.0226,0,4248,1219866165,Feasible
./mss,../Instances/Generated/I160_24_4.dzn,BSA+MIP,0.08,50000000,0.99,18.64,0.87,3600,0.11,4,32149,28034,28034,47472.5,62.0569,0,2434711,462994753,Feasible
./mss,../Instances/Generated/I320_24_2.dzn,BSA+MIP,0.08,50000000,0.99,18.64,0.87,3600,0.11,4
./mss,../Instances/Generated/I320_12_1.dzn,BSA+MIP,0.08,50000000,0.99,18.64,0.87,3600,0.11,4,24450,31817,31817,8614.45,53.8194,0,33827,2515719294,Feasible
./mss,../Instances/Generated/I160_12_2.dzn,BSA+MIP,0.08,50000000,0.99,18.64,0.87,3600,0.11,4,14112,15074,15074,24095.5,45.0199,0,16190,2268033729,Feasible
./mss,../Instances/Generated/I160_12_4.dzn,BSA+MIP,0.08,50000000,0.99,18.64,0.87,3600,0.11,4,14894,13964,13964,10117.8,44.5306,0,16003,1182075385,Feasible
./mss,../Instances/Generated/I40_12_1.dzn,BSA+MIP,0.08,50000000,0.99,18.64,0.87,3600,0.11,4,5454,4127,4127,47396.7,23.5789,0,4237,2423332155,Feasible
./mss,../Instances/Generated/I240_24_4.dzn,BSA+MIP,0.08,50000000,0.99,18.64,0.87,3600,0.11,4
./mss,../Instances/Generated/I160_12_1.dzn,BSA+MIP,0.08,50000000,0.99,18.64,0.87,3600,0.11,4,13053,17735,17733,24597.8,26.4903,0,18319,2183157468,Feasible
./mss,../Instances/Generated/I320_24_1.dzn,BSA+MIP,0.08,50000000,0.99,18.64,0.87,3600,0.11,4
./mss,../Instances/Generated/I40_12_4.dzn,BSA+MIP,0.08,50000000,0.99,18.64,0.87,3600,0.11,4,5728,2857,2857,49992.7,46.7024,0,3363,1695474109,Feasible
./mss,../Instances/Generated/I320_12_2.dzn,BSA+MIP,0.08,50000000,0.99,18.64,0.87,3600,0.11,4
./mss,../Instances/Generated/I160_24_2.dzn,BSA+MIP,0.08,50000000,0.99,18.64,0.87,3600,0.11,5
./mss,../Instances/Generated/I240_24_1.dzn,BSA+MIP,0.08,50000000,0.99,18.64,0.87,3600,0.11,5
./mss,../Instances/Generated/I240_24_2.dzn,BSA+MIP,0.08,50000000,0.99,18.64,0.87,3600,0.11,5
./mss,../Instances/Generated/I80_12_1.dzn,BSA+MIP,0.08,50000000,0.99,18.64,0.87,3600,0.11,4,7950,8611,8611,29958.2,25.2934,0,8878,2614237728,Feasible
./mss,../Instances/Generated/I80_24_2.dzn,BSA+MIP,0.08,50000000,0.99,18.64,0.87,3600,0.11,5,18737,15699,15699,38390.3,51.7525,0,2428431,2790408256,Feasible
./mss,../Instances/Generated/I40_24_4.dzn,BSA+MIP,0.08,50000000,0.99,18.64,0.87,3600,0.11,5,12877,6962,6962,67198,51.085,0,8754,1268021272,Feasible
./mss,../Instances/Generated/I80_24_1.dzn,BSA+MIP,0.08,50000000,0.99,18.64,0.87,3600,0.11,5,16678,16427,16427,16564.5,26.1258,0,17094,428510972,Feasible
./mss,../Instances/Generated/I240_12_4.dzn,BSA+MIP,0.08,50000000,0.99,18.64,0.87,3600,0.11,5,21710,21073,21071,8388.63,50.7816,0,24336,1754415078,Feasible
./mss,../Instances/Generated/I320_24_4.dzn,BSA+MIP,0.08,50000000,0.99,18.64,0.87,3600,0.11,5
./mss,../Instances/Generated/I40_24_1.dzn,BSA+MIP,0.08,50000000,0.99,18.64,0.87,3600,0.11,5,11084,7730,7730,17435.6,37.6132,0,8378,74396041,Feasible
./mss,../Instances/Generated/I80_24_4.dzn,BSA+MIP,0.08,50000000,0.99,18.64,0.87,3600,0.11,5,21595,12045,12045,48216.7,65.0376,0,1758078,4184776973,Feasible
./mss,../Instances/Generated/I40_24_2.dzn,BSA+MIP,0.08,50000000,0.99,18.64,0.87,3600,0.11,5,12171,7174,7174,19411.8,38.455,0,8712,1997345724,Feasible
./mss,../Instances/Generated/I320_12_4.dzn,BSA+MIP,0.08,50000000,0.99,18.64,0.87,3600,0.11,5,26689,32212,32212,9406.49,63.273,0,36105,736565852,Feasible
./mss,../Instances/Generated/I160_24_1.dzn,BSA+MIP,0.08,50000000,0.99,18.64,0.87,3600,0.11,5,26654,31368,31368,12186.9,33.8057,0,32825,2749621237,Feasible
./mss,../Instances/Generated/I240_12_1.dzn,BSA+MIP,0.08,50000000,0.99,18.64,0.87,3600,0.11,5,18189,19856,19851,8087.75,27.1712,0,21860,3990910721,Feasible
./mss,../Instances/Generated/I80_12_2.dzn,BSA+MIP,0.08,50000000,0.99,18.64,0.87,3600,0.11,5,8595,7206,7206,47656.6,29.548,0,7625,1557008533,Feasible
./mss,../Instances/Generated/I80_12_4.dzn,BSA+MIP,0.08,50000000,0.99,18.64,0.87,3600,0.11,5,9041,8020,8020,9374.24,44.2626,0,9314,2173605491,Feasible
./mss,../Instances/Generated/I240_12_2.dzn,BSA+MIP,0.08,50000000,0.99,18.64,0.87,3600,0.11,5,19905,23138,23138,9219.9,31.3403,0,24564,2919475261,Feasible
./mss,../Instances/Generated/I40_12_2.dzn,BSA+MIP,0.08,50000000,0.99,18.64,0.87,3600,0.11,5,5925,3895,3894,47010.9,35.4066,0,4237,872730780,Feasible
./mss,../Instances/Generated/I160_24_4.dzn,BSA+MIP,0.08,50000000,0.99,18.64,0.87,3600,0.11,5,32161,28022,28022,39315,66.62,0,2434711,3856521639,Feasible
./mss,../Instances/Generated/I320_24_2.dzn,BSA+MIP,0.08,50000000,0.99,18.64,0.87,3600,0.11,5
./mss,../Instances/Generated/I320_12_1.dzn,BSA+MIP,0.08,50000000,0.99,18.64,0.87,3600,0.11,5,24502,31765,31765,7629.43,28.7796,0,33825,961826235,Feasible
./mss,../Instances/Generated/I160_12_2.dzn,BSA+MIP,0.08,50000000,0.99,18.64,0.87,3600,0.11,5,14112,15074,15074,29837.9,35.3136,0,16197,3139347569,Feasible
./mss,../Instances/Generated/I160_12_4.dzn,BSA+MIP,0.08,50000000,0.99,18.64,0.87,3600,0.11,5,14888,13970,13970,46521.5,43.956,0,16086,3284612747,Feasible
./mss,../Instances/Generated/I40_12_1.dzn,BSA+MIP,0.08,50000000,0.99,18.64,0.87,3600,0.11,5,5454,4127,4127,44845.7,23.6673,0,4234,490958833,Feasible
./mss,../Instances/Generated/I240_24_4.dzn,BSA+MIP,0.08,50000000,0.99,18.64,0.87,3600,0.11,5
./mss,../Instances/Generated/I40_12_4.dzn,BSA+MIP,0.08,50000000,0.99,18.64,0.87,3600,0.11,5
./mss,../Instances/Generated/I160_12_1.dzn,BSA+MIP,0.08,50000000,0.99,18.64,0.87,3600,0.11,5,13048,17740,17740,20876.5,30.9937,0,18326,3943323874,Feasible
./mss,../Instances/Generated/I320_24_1.dzn,BSA+MIP,0.08,50000000,0.99,18.64,0.87,3600,0.11,5
./mss,../Instances/Generated/I160_24_2.dzn,BSA+MIP,0.08,50000000,0.99,18.64,0.87,3600,0.11,6
./mss,../Instances/Generated/I320_12_2.dzn,BSA+MIP,0.08,50000000,0.99,18.64,0.87,3600,0.11,5,27328,29848,29847,15983.1,52.0333,0,32168,1008598013,Feasible
./mss,../Instances/Generated/I240_24_1.dzn,BSA+MIP,0.08,50000000,0.99,18.64,0.87,3600,0.11,6
./mss,../Instances/Generated/I240_24_2.dzn,BSA+MIP,0.08,50000000,0.99,18.64,0.87,3600,0.11,6
./mss,../Instances/Generated/I80_12_1.dzn,BSA+MIP,0.08,50000000,0.99,18.64,0.87,3600,0.11,5,7951,8610,8610,48197,25.1037,0,8881,3306872485,Feasible
./mss,../Instances/Generated/I80_24_2.dzn,BSA+MIP,0.08,50000000,0.99,18.64,0.87,3600,0.11,6,18755,15681,15681,42349.3,68.1515,0,2428431,4187229640,Feasible
./mss,../Instances/Generated/I40_24_4.dzn,BSA+MIP,0.08,50000000,0.99,18.64,0.87,3600,0.11,6,12900,6939,6939,67600.9,51.0546,0,8754,3067380640,Feasible
./mss,../Instances/Generated/I80_24_1.dzn,BSA+MIP,0.08,50000000,0.99,18.64,0.87,3600,0.11,6,16662,16443,16443,15405,26.8722,0,17113,1287225152,Feasible
./mss,../Instances/Generated/I240_12_4.dzn,BSA+MIP,0.08,50000000,0.99,18.64,0.87,3600,0.11,6,21690,21093,21093,8758.03,117.678,0,24335,412786003,Feasible
./mss,../Instances/Generated/I40_24_1.dzn,BSA+MIP,0.08,50000000,0.99,18.64,0.87,3600,0.11,6,11068,7746,7746,19718.1,50.8557,0,8379,2758342314,Feasible
./mss,../Instances/Generated/I320_24_4.dzn,BSA+MIP,0.08,50000000,0.99,18.64,0.87,3600,0.11,6
./mss,../Instances/Generated/I80_24_4.dzn,BSA+MIP,0.08,50000000,0.99,18.64,0.87,3600,0.11,6,21540,12100,12100,44742.7,64.6856,0,1758078,3192318116,Feasible
./mss,../Instances/Generated/I40_24_2.dzn,BSA+MIP,0.08,50000000,0.99,18.64,0.87,3600,0.11,6,12226,7119,7119,16775.5,39.6147,0,8712,2348600227,Feasible
./mss,../Instances/Generated/I320_12_4.dzn,BSA+MIP,0.08,50000000,0.99,18.64,0.87,3600,0.11,6,26696,32205,32205,8451.2,59.5492,0,36074,943740100,Feasible
./mss,../Instances/Generated/I160_24_1.dzn,BSA+MIP,0.08,50000000,0.99,18.64,0.87,3600,0.11,6,26678,31344,31344,11697.2,29.3626,0,32825,1425625567,Feasible
./mss,../Instances/Generated/I240_12_1.dzn,BSA+MIP,0.08,50000000,0.99,18.64,0.87,3600,0.11,6,18097,19948,19947,8412.83,27.6255,0,21862,3571414804,Feasible
./mss,../Instances/Generated/I80_12_2.dzn,BSA+MIP,0.08,50000000,0.99,18.64,0.87,3600,0.11,6,8599,7202,7202,41720.8,29.5757,0,7627,3744999104,Feasible
./mss,../Instances/Generated/I80_12_4.dzn,BSA+MIP,0.08,50000000,0.99,18.64,0.87,3600,0.11,6,9028,8033,8033,8936.33,44.2415,0,9340,4146287456,Feasible
./mss,../Instances/Generated/I240_12_2.dzn,BSA+MIP,0.08,50000000,0.99,18.64,0.87,3600,0.11,6,19907,23136,23136,9093.39,31.4998,0,24572,1759730635,Feasible
./mss,../Instances/Generated/I40_12_2.dzn,BSA+MIP,0.08,50000000,0.99,18.64,0.87,3600,0.11,6,5909,3911,3911,52400.1,35.3684,0,4249,2568238383,Feasible
./mss,../Instances/Generated/I160_24_4.dzn,BSA+MIP,0.08,50000000,0.99,18.64,0.87,3600,0.11,6,32165,28018,28018,42244.3,65.4856,0,2434711,2065710557,Feasible
./mss,../Instances/Generated/I320_24_2.dzn,BSA+MIP,0.08,50000000,0.99,18.64,0.87,3600,0.11,6
./mss,../Instances/Generated/I320_12_1.dzn,BSA+MIP,0.08,50000000,0.99,18.64,0.87,3600,0.11,6,24486,31781,31774,8373.7,29.6315,0,33814,3247761745,Feasible
./mss,../Instances/Generated/I160_12_2.dzn,BSA+MIP,0.08,50000000,0.99,18.64,0.87,3600,0.11,6,14105,15081,15081,34484.7,33.1308,0,16215,1472671714,Feasible
./mss,../Instances/Generated/I160_12_4.dzn,BSA+MIP,0.08,50000000,0.99,18.64,0.87,3600,0.11,6,14877,13981,13981,18587.7,44.8893,0,16078,2006961101,Feasible
./mss,../Instances/Generated/I40_12_1.dzn,BSA+MIP,0.08,50000000,0.99,18.64,0.87,3600,0.11,6,5454,4127,4127,42727.6,23.6906,0,4236,95276548,Feasible
./mss,../Instances/Generated/I40_12_4.dzn,BSA+MIP,0.08,50000000,0.99,18.64,0.87,3600,0.11,6
./mss,../Instances/Generated/I160_12_1.dzn,BSA+MIP,0.08,50000000,0.99,18.64,0.87,3600,0.11,6,13049,17739,17739,35991.2,25.8423,0,18330,2638761361,Feasible
./mss,../Instances/Generated/I320_24_1.dzn,BSA+MIP,0.08,50000000,0.99,18.64,0.87,3600,0.11,6
./mss,../Instances/Generated/I240_24_4.dzn,BSA+MIP,0.08,50000000,0.99,18.64,0.87,3600,0.11,6
./mss,../Instances/Generated/I320_12_2.dzn,BSA+MIP,0.08,50000000,0.99,18.64,0.87,3600,0.11,6
./mss,../Instances/Generated/I160_24_2.dzn,BSA+MIP,0.08,50000000,0.99,18.64,0.87,3600,0.11,7
./mss,../Instances/Generated/I240_24_1.dzn,BSA+MIP,0.08,50000000,0.99,18.64,0.87,3600,0.11,7
./mss,../Instances/Generated/I240_24_2.dzn,BSA+MIP,0.08,50000000,0.99,18.64,0.87,3600,0.11,7
./mss,../Instances/Generated/I80_12_1.dzn,BSA+MIP,0.08,50000000,0.99,18.64,0.87,3600,0.11,6,7950,8611,8611,20346.7,25.0676,0,8877,3028848969,Feasible
./mss,../Instances/Generated/I80_24_2.dzn,BSA+MIP,0.08,50000000,0.99,18.64,0.87,3600,0.11,7,18755,15681,15681,39429.6,43.1712,0,2428431,1198431093,Feasible
./mss,../Instances/Generated/I40_24_4.dzn,BSA+MIP,0.08,50000000,0.99,18.64,0.87,3600,0.11,7,12818,7021,7021,65063.5,50.9602,0,8754,89753145,Feasible
./mss,../Instances/Generated/I80_24_1.dzn,BSA+MIP,0.08,50000000,0.99,18.64,0.87,3600,0.11,7,16672,16433,16433,10503.1,26.2623,0,17096,4197181494,Feasible
./mss,../Instances/Generated/I240_12_4.dzn,BSA+MIP,0.08,50000000,0.99,18.64,0.87,3600,0.11,7,21695,21088,21088,8536.49,51.5081,0,24347,101966425,Feasible
./mss,../Instances/Generated/I40_24_1.dzn,BSA+MIP,0.08,50000000,0.99,18.64,0.87,3600,0.11,7,11088,7726,7726,20192.7,40.1226,0,8377,3625323733,Feasible
./mss,../Instances/Generated/I320_24_4.dzn,BSA+MIP,0.08,50000000,0.99,18.64,0.87,3600,0.11,7
./mss,../Instances/Generated/I80_24_4.dzn,BSA+MIP,0.08,50000000,0.99,18.64,0.87,3600,0.11,7,21508,12132,12132,47875.4,65.0837,0,1758078,3913953705,Feasible
./mss,../Instances/Generated/I40_24_2.dzn,BSA+MIP,0.08,50000000,0.99,18.64,0.87,3600,0.11,7,12204,7141,7141,20434.6,38.5911,0,8713,3841422251,Feasible
./mss,../Instances/Generated/I320_12_4.dzn,BSA+MIP,0.08,50000000,0.99,18.64,0.87,3600,0.11,7,26668,32233,32233,8395.42,57.2544,0,36067,2795389119,Feasible
./mss,../Instances/Generated/I160_24_1.dzn,BSA+MIP,0.08,50000000,0.99,18.64,0.87,3600,0.11,7,26672,31350,31350,11981.3,30.9131,0,32824,2311490324,Feasible
./mss,../Instances/Generated/I240_12_1.dzn,BSA+MIP,0.08,50000000,0.99,18.64,0.87,3600,0.11,7,18115,19930,19922,8324.07,27.0759,0,21860,33644221,Feasible
./mss,../Instances/Generated/I80_12_2.dzn,BSA+MIP,0.08,50000000,0.99,18.64,0.87,3600,0.11,7
./mss,../Instances/Generated/I80_12_4.dzn,BSA+MIP,0.08,50000000,0.99,18.64,0.87,3600,0.11,7,9054,8007,8007,6890.11,44.1837,0,9312,274240422,Feasible
./mss,../Instances/Generated/I240_12_2.dzn,BSA+MIP,0.08,50000000,0.99,18.64,0.87,3600,0.11,7,19897,23146,23146,6544.56,31.3275,0,24561,2931379876,Feasible
./mss,../Instances/Generated/I40_12_2.dzn,BSA+MIP,0.08,50000000,0.99,18.64,0.87,3600,0.11,7,5921,3899,3899,31722.8,35.2278,0,4255,4172279249,Feasible
./mss,../Instances/Generated/I320_24_2.dzn,BSA+MIP,0.08,50000000,0.99,18.64,0.87,3600,0.11,7
./mss,../Instances/Generated/I160_24_4.dzn,BSA+MIP,0.08,50000000,0.99,18.64,0.87,3600,0.11,7,32236,27947,27947,45957.1,63.6339,0,2434711,982518262,Feasible
./mss,../Instances/Generated/I320_12_1.dzn,BSA+MIP,0.08,50000000,0.99,18.64,0.87,3600,0.11,7,24469,31798,31798,7728.54,28.3759,0,33803,453947668,Feasible
./mss,../Instances/Generated/I160_12_2.dzn,BSA+MIP,0.08,50000000,0.99,18.64,0.87,3600,0.11,7,14123,15063,15063,24592.9,33.4264,0,16200,2169665313,Feasible
./mss,../Instances/Generated/I160_12_4.dzn,BSA+MIP,0.08,50000000,0.99,18.64,0.87,3600,0.11,7,14888,13970,13969,29655.6,44.8134,0,16075,3100465015,Feasible
./mss,../Instances/Generated/I40_12_1.dzn,BSA+MIP,0.08,50000000,0.99,18.64,0.87,3600,0.11,7,5454,4127,4127,36504.3,23.4961,0,4236,3105384377,Feasible
./mss,../Instances/Generated/I240_24_4.dzn,BSA+MIP,0.08,50000000,0.99,18.64,0.87,3600,0.11,7
./mss,../Instances/Generated/I160_12_1.dzn,BSA+MIP,0.08,50000000,0.99,18.64,0.87,3600,0.11,7,13050,17738,17737,50640.1,32.8262,0,18371,1907389274,Feasible
./mss,../Instances/Generated/I40_12_4.dzn,BSA+MIP,0.08,50000000,0.99,18.64,0.87,3600,0.11,7,5732,2853,2853,50686,36.5619,0,3364,3402619310,Feasible
./mss,../Instances/Generated/I320_24_1.dzn,BSA+MIP,0.08,50000000,0.99,18.64,0.87,3600,0.11,7
./mss,../Instances/Generated/I80_24_2.dzn,BSA+MIP,0.08,50000000,0.99,18.64,0.87,3600,0.11,8
./mss,../Instances/Generated/I160_24_2.dzn,BSA+MIP,0.08,50000000,0.99,18.64,0.87,3600,0.11,8
./mss,../Instances/Generated/I240_24_1.dzn,BSA+MIP,0.08,50000000,0.99,18.64,0.87,3600,0.11,8
./mss,../Instances/Generated/I320_12_2.dzn,BSA+MIP,0.08,50000000,0.99,18.64,0.87,3600,0.11,7,27314,29862,29862,17295.6,65.5784,0,32140,3670433615,Feasible
./mss,../Instances/Generated/I240_24_2.dzn,BSA+MIP,0.08,50000000,0.99,18.64,0.87,3600,0.11,8
./mss,../Instances/Generated/I80_12_1.dzn,BSA+MIP,0.08,50000000,0.99,18.64,0.87,3600,0.11,7,7951,8610,8610,49294.4,24.8513,0,8882,2227920403,Feasible
./mss,../Instances/Generated/I40_24_4.dzn,BSA+MIP,0.08,50000000,0.99,18.64,0.87,3600,0.11,8,12982,6857,6857,69265.8,50.1542,0,8754,1685759662,Feasible
./mss,../Instances/Generated/I80_24_1.dzn,BSA+MIP,0.08,50000000,0.99,18.64,0.87,3600,0.11,8,16658,16447,16447,12012,26.1079,0,17097,1623591627,Feasible
./mss,../Instances/Generated/I240_12_4.dzn,BSA+MIP,0.08,50000000,0.99,18.64,0.87,3600,0.11,8,21724,21059,21059,8886.99,88.5092,0,24331,590489316,Feasible
./mss,../Instances/Generated/I320_24_4.dzn,BSA+MIP,0.08,50000000,0.99,18.64,0.87,3600,0.11,8
./mss,../Instances/Generated/I40_24_1.dzn,BSA+MIP,0.08,50000000,0.99,18.64,0.87,3600,0.11,8,11103,7711,7711,18083.5,49.3592,0,8381,2771136632,Feasible
./mss,../Instances/Generated/I80_24_4.dzn,BSA+MIP,0.08,50000000,0.99,18.64,0.87,3600,0.11,8,21436,12204,12204,42742.1,64.9982,0,1758078,3305015482,Feasible
./mss,../Instances/Generated/I40_24_2.dzn,BSA+MIP,0.08,50000000,0.99,18.64,0.87,3600,0.11,8,12218,7127,7127,14556.2,37.9885,0,8709,3845905880,Feasible
./mss,../Instances/Generated/I320_12_4.dzn,BSA+MIP,0.08,50000000,0.99,18.64,0.87,3600,0.11,8,26686,32215,32215,10082.3,45.0098,0,36096,487080184,Feasible
./mss,../Instances/Generated/I160_24_1.dzn,BSA+MIP,0.08,50000000,0.99,18.64,0.87,3600,0.11,8,26669,31353,31353,13261.6,64.8835,0,32825,342141219,Feasible
./mss,../Instances/Generated/I240_12_1.dzn,BSA+MIP,0.08,50000000,0.99,18.64,0.87,3600,0.11,8,18106,19939,19936,8565.86,27.7584,0,21863,2397663980,Feasible
./mss,../Instances/Generated/I80_12_2.dzn,BSA+MIP,0.08,50000000,0.99,18.64,0.87,3600,0.11,8,8595,7206,7206,56046.9,29.7199,0,7639,1917167233,Feasible
./mss,../Instances/Generated/I80_12_4.dzn,BSA+MIP,0.08,50000000,0.99,18.64,0.87,3600,0.11,8,9037,8024,8024,9338.67,43.9612,0,9340,4050952201,Feasible
./mss,../Instances/Generated/I240_12_2.dzn,BSA+MIP,0.08,50000000,0.99,18.64,0.87,3600,0.11,8,19890,23153,23153,8399.4,31.1899,0,24566,2212939308,Feasible
./mss,../Instances/Generated/I40_12_2.dzn,BSA+MIP,0.08,50000000,0.99,18.64,0.87,3600,0.11,8,5911,3909,3908,47612.1,35.5676,0,4225,1602870577,Feasible
./mss,../Instances/Generated/I160_24_4.dzn,BSA+MIP,0.08,50000000,0.99,18.64,0.87,3600,0.11,8,32165,28018,28018,47899.2,62.4274,0,2434711,1163203229,Feasible
./mss,../Instances/Generated/I320_24_2.dzn,BSA+MIP,0.08,50000000,0.99,18.64,0.87,3600,0.11,8
./mss,../Instances/Generated/I320_12_1.dzn,BSA+MIP,0.08,50000000,0.99,18.64,0.87,3600,0.11,8,24459,31808,31808,8907.49,30.6565,0,33804,2027818222,Feasible
./mss,../Instances/Generated/I160_12_2.dzn,BSA+MIP,0.08,50000000,0.99,18.64,0.87,3600,0.11,8,14115,15071,15071,25822.6,65.7756,0,16196,3319777256,Feasible
./mss,../Instances/Generated/I160_12_4.dzn,BSA+MIP,0.08,50000000,0.99,18.64,0.87,3600,0.11,8,14897,13961,13960,12138.5,43.9642,0,16023,3882519181,Feasible
./mss,../Instances/Generated/I40_12_1.dzn,BSA+MIP,0.08,50000000,0.99,18.64,0.87,3600,0.11,8,5454,4127,4127,41151.3,23.5521,0,4237,1756487949,Feasible
./mss,../Instances/Generated/I240_24_4.dzn,BSA+MIP,0.08,50000000,0.99,18.64,0.87,3600,0.11,8
./mss,../Instances/Generated/I160_12_1.dzn,BSA+MIP,0.08,50000000,0.99,18.64,0.87,3600,0.11,8,13046,17742,17742,39237.4,26.3284,0,18319,473674389,Feasible
./mss,../Instances/Generated/I40_12_4.dzn,BSA+MIP,0.08,50000000,0.99,18.64,0.87,3600,0.11,8
./mss,../Instances/Generated/I320_12_2.dzn,BSA+MIP,0.08,50000000,0.99,18.64,0.87,3600,0.11,8,27309,29867,29867,22041.9,35.0682,0,32115,3614906519,Feasible
./mss,../Instances/Generated/I320_24_1.dzn,BSA+MIP,0.08,50000000,0.99,18.64,0.87,3600,0.11,8,46419,65918,65918,11084.6,28.9642,0,68023,2768161469,Feasible
./mss,../Instances/Generated/I80_12_1.dzn,BSA+MIP,0.08,50000000,0.99,18.64,0.87,3600,0.11,8,7950,8611,8611,59250.9,24.8162,0,8870,4068262540,Feasible
